{
    "b_motor": 9503,
    "mass": 1845,
    "F_friction": 133,
    "C_d": 0.46,
    "B": 4.52,
    "C": 2.16,
    "mu": 1,
    "wheelbase": 3.0,
    "Izz": 779,
    "Lf": 1.62,
    "Lr": 1.38,
    "Ff_z": 7239,
    "Fr_z": 10859,
    "max_angle": 1.22173,
    "delta_lim": [50, 500],
    "equilibrium_angles": [0, 0.261799, 0.523599, 0.785398, 1.0472],
    "starting_yaw": -1.570796
}