{
	"class_name" : "PinholeCameraParameters",
	"extrinsic" : 
	[
		-0.37726346328174082,
		0.44773024662131261,
		-0.81068483736473407,
		0.0,
		-0.090824045194998704,
		0.85326249647780872,
		0.51351154312135427,
		0.0,
		0.92164161803115396,
		0.26735881950082785,
		-0.28124009235534025,
		0.0,
		52.468256437632832,
		-7.9442724828207627,
		19.057267525293135,
		1.0
	],
	"intrinsic" : 
	{
		"height" : 500,
		"intrinsic_matrix" : 
		[
			433.01270189221935,
			0.0,
			0.0,
			0.0,
			433.01270189221935,
			0.0,
			249.5,
			249.5,
			1.0
		],
		"width" : 500
	},
	"version_major" : 1,
	"version_minor" : 0
}