{
	"class_name" : "PinholeCameraParameters",
	"extrinsic" : 
	[
		0.13345710378687087,
		0.98983891377999655,
		0.049072662610225332,
		0.0,
		-0.79102254899122726,
		0.13622007592450958,
		-0.59642888754866863,
		0.0,
		-0.59705320402476869,
		0.040780089283343667,
		0.80116443747947308,
		0.0,
		45.745697291106282,
		-22.980962695151682,
		208.8524438606575,
		1.0
	],
	"intrinsic" : 
	{
		"height" : 500,
		"intrinsic_matrix" : 
		[
			433.01270189221935,
			0.0,
			0.0,
			0.0,
			433.01270189221935,
			0.0,
			249.5,
			249.5,
			1.0
		],
		"width" : 500
	},
	"version_major" : 1,
	"version_minor" : 0
}