{
	"class_name" : "PinholeCameraParameters",
	"extrinsic" : 
	[
		-0.16227881386659132,
		0.32812890211518142,
		-0.93058960351313724,
		0.0,
		-0.19218645036144941,
		0.91451909340445059,
		0.35597639822910759,
		0.0,
		0.96784810526627507,
		0.23661414031157937,
		-0.085345144777508444,
		0.0,
		46.990406733387481,
		-5.1243549616793853,
		32.122585090247895,
		1.0
	],
	"intrinsic" : 
	{
		"height" : 500,
		"intrinsic_matrix" : 
		[
			433.01270189221935,
			0.0,
			0.0,
			0.0,
			433.01270189221935,
			0.0,
			249.5,
			249.5,
			1.0
		],
		"width" : 500
	},
	"version_major" : 1,
	"version_minor" : 0
}